"transactions","generated","system_name"
12,"2014-10-16 01:10:00","EZSonar-1"
22,"2014-10-16 03:20:00","EZSonar-1"
112,"2014-10-16 03:30:00","EZSonar-1"
11,"2014-10-16 10:34:00","EZSonar-1"
112,"2014-10-16 20:35:00","EZSonar-1"
312,"2014-10-16 01:35:00","EZSonar-2"
412,"2014-10-16 02:35:00","EZSonar-2"
112,"2014-10-16 06:35:00","EZSonar-2"
100,"2014-10-16 18:35:00","EZSonar-2"
100,"2014-10-16 18:45:00","EZSonar-2"
100,"2014-10-16 18:55:00","EZSonar-2"
100,"2014-10-16 18:57:00","EZSonar-2"
12,"2014-10-16 23:35:00","EZSonar-2"